N,array_type,time
500,random,70
600,random,84
700,random,103
800,random,116
900,random,133
1000,random,166
1100,random,167
1200,random,197
1300,random,211
1400,random,235
1500,random,243
1600,random,265
1700,random,361
1800,random,397
1900,random,411
2000,random,378
2100,random,346
2200,random,369
2300,random,401
2400,random,398
2500,random,514
2600,random,451
2700,random,469
2800,random,489
2900,random,520
3000,random,526
3100,random,541
3200,random,589
3300,random,609
3400,random,605
3500,random,602
3600,random,769
3700,random,677
3800,random,752
3900,random,710
4000,random,699
4100,random,742
4200,random,785
4300,random,778
4400,random,832
4500,random,845
4600,random,930
4700,random,848
4800,random,884
4900,random,917
5000,random,927
5100,random,957
5200,random,1006
5300,random,1013
5400,random,1058
5500,random,1023
5600,random,1051
5700,random,1083
5800,random,1143
5900,random,1097
6000,random,1166
6100,random,1124
6200,random,1156
6300,random,1223
6400,random,1201
6500,random,1507
6600,random,1339
6700,random,1993
6800,random,1687
6900,random,1476
7000,random,1414
7100,random,1347
7200,random,1386
7300,random,1425
7400,random,1424
7500,random,1413
7600,random,1599
7700,random,1515
7800,random,1591
7900,random,1567
8000,random,1555
8100,random,1590
8200,random,1550
8300,random,1600
8400,random,2033
8500,random,1636
8600,random,1701
8700,random,1716
8800,random,2592
8900,random,2125
9000,random,1820
9100,random,1903
9200,random,1859
9300,random,1891
9400,random,1928
9500,random,2422
9600,random,1969
9700,random,1991
9800,random,2065
9900,random,2053
10000,random,2062
10100,random,2684
10200,random,2442
10300,random,2097
10400,random,2062
10500,random,2074
10600,random,2080
10700,random,2083
10800,random,2139
10900,random,2192
11000,random,2544
11100,random,2645
11200,random,2280
11300,random,2222
11400,random,2340
11500,random,2447
11600,random,2361
11700,random,2503
11800,random,2392
11900,random,2463
12000,random,2449
12100,random,2540
12200,random,2507
12300,random,2554
12400,random,3059
12500,random,2743
12600,random,2570
12700,random,2654
12800,random,2674
12900,random,2762
13000,random,2851
13100,random,2716
13200,random,2775
13300,random,3130
13400,random,3468
13500,random,3467
13600,random,3040
13700,random,3018
13800,random,2981
13900,random,3060
14000,random,3515
14100,random,2973
14200,random,2969
14300,random,20380
14400,random,6540
14500,random,4717
14600,random,3310
14700,random,3206
14800,random,3664
14900,random,3111
15000,random,3195
15100,random,3703
15200,random,3214
15300,random,3161
15400,random,3249
15500,random,3329
15600,random,3335
15700,random,3375
15800,random,3383
15900,random,3670
16000,random,3483
16100,random,3412
16200,random,3506
16300,random,3466
16400,random,4961
16500,random,3920
16600,random,3396
16700,random,3367
16800,random,3628
16900,random,3162
17000,random,3215
17100,random,3195
17200,random,3061
17300,random,6330
17400,random,4835
17500,random,4645
17600,random,4818
17700,random,3916
17800,random,3790
17900,random,3752
18000,random,3519
18100,random,3256
18200,random,3177
18300,random,3145
18400,random,3287
18500,random,2998
18600,random,2937
18700,random,2914
18800,random,2748
18900,random,2702
19000,random,4159
19100,random,5631
19200,random,4534
19300,random,4151
19400,random,4392
19500,random,4403
19600,random,4270
19700,random,4469
19800,random,4359
19900,random,4420
20000,random,4568
20100,random,5726
20200,random,5451
20300,random,5751
20400,random,5269
20500,random,4504
20600,random,4841
20700,random,4805
20800,random,4761
20900,random,5325
21000,random,6057
21100,random,4869
21200,random,6183
21300,random,6060
21400,random,5788
21500,random,5775
21600,random,5895
21700,random,5734
21800,random,6224
21900,random,6187
22000,random,5129
22100,random,4893
22200,random,4886
22300,random,5335
22400,random,4922
22500,random,4940
22600,random,4946
22700,random,5106
22800,random,4872
22900,random,5058
23000,random,4929
23100,random,5072
23200,random,5053
23300,random,5311
23400,random,4663
23500,random,4421
23600,random,4390
23700,random,4184
23800,random,4027
23900,random,3829
24000,random,4076
24100,random,3691
24200,random,3604
24300,random,3406
24400,random,3321
24500,random,3189
24600,random,7181
24700,random,7137
24800,random,6870
24900,random,5686
25000,random,7742
25100,random,7331
25200,random,6453
25300,random,5634
25400,random,5366
25500,random,5160
25600,random,4973
25700,random,4720
25800,random,4758
25900,random,4381
26000,random,4362
26100,random,4083
26200,random,3971
26300,random,3736
26400,random,3799
26500,random,3701
26600,random,5739
26700,random,7597
26800,random,7635
26900,random,6317
27000,random,8194
27100,random,6330
27200,random,5386
27300,random,5241
27400,random,5017
27500,random,4671
27600,random,4607
27700,random,4415
27800,random,4261
27900,random,4120
28000,random,3948
28100,random,3921
28200,random,3730
28300,random,3644
28400,random,3630
28500,random,3614
28600,random,3647
28700,random,4347
28800,random,4406
28900,random,8506
29000,random,3757
29100,random,7950
29200,random,7095
29300,random,3832
29400,random,3794
29500,random,3750
29600,random,4530
29700,random,3942
29800,random,3810
29900,random,3779
30000,random,3836
30100,random,8506
30200,random,7007
30300,random,4049
30400,random,4018
30500,random,3992
30600,random,3941
30700,random,3974
30800,random,3863
30900,random,4027
31000,random,6260
31100,random,9457
31200,random,6150
31300,random,8723
31400,random,7651
31500,random,9253
31600,random,8056
31700,random,7287
31800,random,7544
31900,random,7705
32000,random,7235
32100,random,7475
32200,random,8860
32300,random,9137
32400,random,8517
32500,random,7826
32600,random,7600
32700,random,7460
32800,random,7295
32900,random,7472
33000,random,8050
33100,random,7067
33200,random,6797
33300,random,6364
33400,random,6149
33500,random,5697
33600,random,5403
33700,random,5243
33800,random,4950
33900,random,4748
34000,random,4565
34100,random,4494
34200,random,4515
34300,random,4368
34400,random,4566
34500,random,4498
34600,random,4463
34700,random,4435
34800,random,4480
34900,random,4476
35000,random,4486
35100,random,7276
35200,random,4635
35300,random,4532
35400,random,4535
35500,random,4640
35600,random,4572
35700,random,4783
35800,random,4799
35900,random,4756
36000,random,8839
36100,random,10536
36200,random,8957
36300,random,7915
36400,random,4876
36500,random,4852
36600,random,4910
36700,random,4804
36800,random,4820
36900,random,4804
37000,random,4932
37100,random,4798
37200,random,4979
37300,random,5182
37400,random,4915
37500,random,4934
37600,random,9156
37700,random,10618
37800,random,7893
37900,random,5100
38000,random,5459
38100,random,5255
38200,random,4905
38300,random,9700
38400,random,9075
38500,random,5087
38600,random,5195
38700,random,5137
38800,random,5048
38900,random,4983
39000,random,6660
39100,random,11268
39200,random,6435
39300,random,5273
39400,random,5213
39500,random,5441
39600,random,5193
39700,random,5248
39800,random,5338
39900,random,5296
40000,random,5209
40100,random,12162
40200,random,7184
40300,random,5404
40400,random,5529
40500,random,5425
40600,random,5466
40700,random,5371
40800,random,5344
40900,random,5423
41000,random,5343
41100,random,5511
41200,random,5625
41300,random,5460
41400,random,5393
41500,random,5444
41600,random,5814
41700,random,5541
41800,random,5596
41900,random,5698
42000,random,5645
42100,random,5730
42200,random,5644
42300,random,5684
42400,random,5941
42500,random,6062
42600,random,5605
42700,random,5947
42800,random,5631
42900,random,5773
43000,random,5772
43100,random,5785
43200,random,5733
43300,random,5889
43400,random,5789
43500,random,5952
43600,random,6027
43700,random,5931
43800,random,5937
43900,random,5818
44000,random,5899
44100,random,5890
44200,random,5871
44300,random,5885
44400,random,5759
44500,random,5827
44600,random,6016
44700,random,5849
44800,random,5949
44900,random,6027
45000,random,5976
45100,random,14673
45200,random,8651
45300,random,6118
45400,random,6114
45500,random,6033
45600,random,6053
45700,random,6092
45800,random,6055
45900,random,6031
46000,random,6214
46100,random,6195
46200,random,6141
46300,random,6040
46400,random,6262
46500,random,6151
46600,random,6178
46700,random,6221
46800,random,6470
46900,random,6515
47000,random,6392
47100,random,6349
47200,random,6367
47300,random,6379
47400,random,6601
47500,random,6480
47600,random,6469
47700,random,6394
47800,random,6416
47900,random,6444
48000,random,6402
48100,random,6402
48200,random,6459
48300,random,6687
48400,random,6638
48500,random,6488
48600,random,6635
48700,random,6763
48800,random,6592
48900,random,6543
49000,random,6646
49100,random,6702
49200,random,6770
49300,random,6708
49400,random,6918
49500,random,6746
49600,random,6694
49700,random,6733
49800,random,6732
49900,random,6622
50000,random,6725
50100,random,8602
50200,random,6766
50300,random,6804
50400,random,6778
50500,random,6892
50600,random,6883
50700,random,6897
50800,random,7050
50900,random,6958
51000,random,7075
51100,random,7058
51200,random,7299
51300,random,14090
51400,random,7087
51500,random,7008
51600,random,6973
51700,random,7034
51800,random,7129
51900,random,7262
52000,random,7200
52100,random,6986
52200,random,7205
52300,random,7163
52400,random,7052
52500,random,16684
52600,random,7429
52700,random,7418
52800,random,7760
52900,random,7467
53000,random,7857
53100,random,7324
53200,random,7498
53300,random,7533
53400,random,7431
53500,random,7214
53600,random,7428
53700,random,7386
53800,random,7439
53900,random,7384
54000,random,11327
54100,random,12336
54200,random,7614
54300,random,7579
54400,random,7560
54500,random,7634
54600,random,7706
54700,random,7567
54800,random,7435
54900,random,7666
55000,random,7542
55100,random,7699
55200,random,7513
55300,random,7381
55400,random,7424
55500,random,7609
55600,random,7745
55700,random,7838
55800,random,7578
55900,random,7926
56000,random,8197
56100,random,8011
56200,random,7695
56300,random,7721
56400,random,7674
56500,random,8537
56600,random,15677
56700,random,7826
56800,random,7848
56900,random,7908
57000,random,7970
57100,random,8062
57200,random,7957
57300,random,8178
57400,random,8058
57500,random,8073
57600,random,7985
57700,random,8150
57800,random,15108
57900,random,18190
58000,random,8483
58100,random,8108
58200,random,8160
58300,random,8248
58400,random,8380
58500,random,12046
58600,random,13137
58700,random,8173
58800,random,8209
58900,random,8219
59000,random,14598
59100,random,8532
59200,random,8331
59300,random,8290
59400,random,8430
59500,random,17098
59600,random,8471
59700,random,8570
59800,random,8309
59900,random,14645
60000,random,16391
60100,random,11328
60200,random,8684
60300,random,8581
60400,random,9136
60500,random,19833
60600,random,13869
60700,random,10145
60800,random,9327
60900,random,8974
61000,random,9402
61100,random,8590
61200,random,8456
61300,random,8727
61400,random,8626
61500,random,17999
61600,random,15778
61700,random,10201
61800,random,9434
61900,random,8699
62000,random,8704
62100,random,8945
62200,random,8750
62300,random,8771
62400,random,8646
62500,random,8850
62600,random,9515
62700,random,8855
62800,random,8914
62900,random,8884
63000,random,9133
63100,random,8906
63200,random,9324
63300,random,8857
63400,random,9346
63500,random,9173
63600,random,8955
63700,random,9297
63800,random,9020
63900,random,9044
64000,random,8929
64100,random,9179
64200,random,8993
64300,random,9059
64400,random,9186
64500,random,9092
64600,random,9164
64700,random,9155
64800,random,9272
64900,random,9660
65000,random,9414
65100,random,10704
65200,random,9443
65300,random,9185
65400,random,9642
65500,random,9203
65600,random,9297
65700,random,11593
65800,random,15208
65900,random,9399
66000,random,9363
66100,random,9609
66200,random,9336
66300,random,9443
66400,random,9317
66500,random,9751
66600,random,9616
66700,random,9343
66800,random,9486
66900,random,9702
67000,random,9645
67100,random,10273
67200,random,9868
67300,random,9887
67400,random,9690
67500,random,9574
67600,random,9587
67700,random,9687
67800,random,9631
67900,random,9774
68000,random,9616
68100,random,17388
68200,random,11498
68300,random,9911
68400,random,9641
68500,random,9782
68600,random,9801
68700,random,9799
68800,random,10093
68900,random,9855
69000,random,9760
69100,random,10026
69200,random,9951
69300,random,10126
69400,random,10075
69500,random,9978
69600,random,17365
69700,random,19285
69800,random,10639
69900,random,10053
70000,random,10329
70100,random,18586
70200,random,10098
70300,random,10334
70400,random,10217
70500,random,10188
70600,random,10800
70700,random,10780
70800,random,10150
70900,random,19965
71000,random,10434
71100,random,10264
71200,random,10251
71300,random,16227
71400,random,10306
71500,random,10281
71600,random,10542
71700,random,10386
71800,random,10798
71900,random,11206
72000,random,10500
72100,random,10722
72200,random,10362
72300,random,10306
72400,random,10657
72500,random,10515
72600,random,10481
72700,random,10573
72800,random,14410
72900,random,21693
73000,random,18764
73100,random,10977
73200,random,10566
73300,random,10454
73400,random,10430
73500,random,10543
73600,random,10991
73700,random,10805
73800,random,10873
73900,random,10790
74000,random,10823
74100,random,20666
74200,random,10645
74300,random,10749
74400,random,11006
74500,random,10730
74600,random,11052
74700,random,11052
74800,random,10661
74900,random,10898
75000,random,10769
75100,random,10986
75200,random,10923
75300,random,11413
75400,random,11354
75500,random,10928
75600,random,10934
75700,random,11073
75800,random,10760
75900,random,11057
76000,random,10854
76100,random,11113
76200,random,11030
76300,random,11471
76400,random,11005
76500,random,11086
76600,random,11114
76700,random,11087
76800,random,11231
76900,random,11097
77000,random,11072
77100,random,11392
77200,random,11298
77300,random,11798
77400,random,11603
77500,random,11379
77600,random,10901
77700,random,11496
77800,random,11987
77900,random,11378
78000,random,11368
78100,random,11800
78200,random,11460
78300,random,12793
78400,random,11562
78500,random,11567
78600,random,11553
78700,random,11398
78800,random,11431
78900,random,11786
79000,random,11729
79100,random,11551
79200,random,25129
79300,random,15098
79400,random,11930
79500,random,11687
79600,random,11776
79700,random,11924
79800,random,11888
79900,random,11767
80000,random,11653
80100,random,13119
80200,random,21466
80300,random,12078
80400,random,11926
80500,random,18540
80600,random,21500
80700,random,12003
80800,random,11867
80900,random,11912
81000,random,12073
81100,random,11737
81200,random,12023
81300,random,12062
81400,random,12257
81500,random,12041
81600,random,11969
81700,random,12430
81800,random,12363
81900,random,12557
82000,random,12025
82100,random,21471
82200,random,13047
82300,random,12305
82400,random,12284
82500,random,12091
82600,random,12309
82700,random,12356
82800,random,12237
82900,random,12265
83000,random,12519
83100,random,12353
83200,random,12510
83300,random,12673
83400,random,12626
83500,random,22776
83600,random,22243
83700,random,21649
83800,random,22358
83900,random,21595
84000,random,23210
84100,random,19946
84200,random,17560
84300,random,15652
84400,random,13916
84500,random,12788
84600,random,12559
84700,random,12337
84800,random,13097
84900,random,12638
85000,random,13217
85100,random,18714
85200,random,12674
85300,random,14791
85400,random,12722
85500,random,12676
85600,random,14086
85700,random,12648
85800,random,12636
85900,random,12963
86000,random,12729
86100,random,13158
86200,random,13243
86300,random,13180
86400,random,13459
86500,random,13225
86600,random,12902
86700,random,14017
86800,random,13229
86900,random,22210
87000,random,19456
87100,random,17080
87200,random,19395
87300,random,13482
87400,random,12874
87500,random,12947
87600,random,13663
87700,random,13217
87800,random,13186
87900,random,13421
88000,random,13109
88100,random,13386
88200,random,13342
88300,random,13484
88400,random,13365
88500,random,12950
88600,random,13320
88700,random,13454
88800,random,13238
88900,random,13504
89000,random,13438
89100,random,13290
89200,random,14187
89300,random,13432
89400,random,13473
89500,random,13425
89600,random,13398
89700,random,13403
89800,random,22917
89900,random,13573
90000,random,13804
90100,random,22121
90200,random,13954
90300,random,18024
90400,random,18393
90500,random,14275
90600,random,14213
90700,random,13640
90800,random,14236
90900,random,16270
91000,random,20342
91100,random,13721
91200,random,20874
91300,random,21566
91400,random,15978
91500,random,26016
91600,random,24748
91700,random,15813
91800,random,14153
91900,random,13958
92000,random,14085
92100,random,29190
92200,random,14671
92300,random,13955
92400,random,14210
92500,random,14262
92600,random,16693
92700,random,23160
92800,random,14005
92900,random,13881
93000,random,13992
93100,random,14166
93200,random,14332
93300,random,14006
93400,random,14175
93500,random,14528
93600,random,14000
93700,random,14150
93800,random,14322
93900,random,14371
94000,random,14253
94100,random,14564
94200,random,19050
94300,random,14255
94400,random,14084
94500,random,14395
94600,random,14282
94700,random,14487
94800,random,14310
94900,random,14241
95000,random,14421
95100,random,19999
95200,random,22561
95300,random,14501
95400,random,17669
95500,random,30172
95600,random,14770
95700,random,14529
95800,random,14674
95900,random,23930
96000,random,14684
96100,random,14596
96200,random,15807
96300,random,14627
96400,random,14591
96500,random,15741
96600,random,14563
96700,random,14743
96800,random,14936
96900,random,14692
97000,random,14782
97100,random,14833
97200,random,14828
97300,random,14680
97400,random,15060
97500,random,14809
97600,random,15139
97700,random,22333
97800,random,16712
97900,random,15108
98000,random,29067
98100,random,27245
98200,random,14750
98300,random,14729
98400,random,15165
98500,random,15221
98600,random,15761
98700,random,15092
98800,random,14957
98900,random,14969
99000,random,16831
99100,random,20527
99200,random,19348
99300,random,15328
99400,random,15257
99500,random,14848
99600,random,15108
99700,random,15365
99800,random,15616
99900,random,15527
100000,random,15602
500,reversed,96
600,reversed,132
700,reversed,154
800,reversed,163
900,reversed,179
1000,reversed,198
1100,reversed,221
1200,reversed,253
1300,reversed,330
1400,reversed,283
1500,reversed,310
1600,reversed,523
1700,reversed,401
1800,reversed,381
1900,reversed,441
2000,reversed,424
2100,reversed,198
2200,reversed,213
2300,reversed,213
2400,reversed,226
2500,reversed,230
2600,reversed,246
2700,reversed,278
2800,reversed,359
2900,reversed,387
3000,reversed,373
3100,reversed,383
3200,reversed,421
3300,reversed,325
3400,reversed,325
3500,reversed,337
3600,reversed,350
3700,reversed,372
3800,reversed,371
3900,reversed,370
4000,reversed,391
4100,reversed,409
4200,reversed,400
4300,reversed,426
4400,reversed,445
4500,reversed,439
4600,reversed,447
4700,reversed,450
4800,reversed,486
4900,reversed,485
5000,reversed,497
5100,reversed,593
5200,reversed,514
5300,reversed,572
5400,reversed,545
5500,reversed,535
5600,reversed,553
5700,reversed,571
5800,reversed,580
5900,reversed,586
6000,reversed,604
6100,reversed,610
6200,reversed,632
6300,reversed,652
6400,reversed,675
6500,reversed,1776
6600,reversed,1607
6700,reversed,1528
6800,reversed,1523
6900,reversed,1631
7000,reversed,1618
7100,reversed,1634
7200,reversed,1301
7300,reversed,752
7400,reversed,749
7500,reversed,821
7600,reversed,927
7700,reversed,868
7800,reversed,806
7900,reversed,834
8000,reversed,1053
8100,reversed,1042
8200,reversed,874
8300,reversed,883
8400,reversed,876
8500,reversed,944
8600,reversed,942
8700,reversed,927
8800,reversed,918
8900,reversed,953
9000,reversed,1037
9100,reversed,968
9200,reversed,1175
9300,reversed,1076
9400,reversed,1124
9500,reversed,1021
9600,reversed,1021
9700,reversed,1016
9800,reversed,1029
9900,reversed,1107
10000,reversed,1044
10100,reversed,2498
10200,reversed,1907
10300,reversed,2824
10400,reversed,2385
10500,reversed,2416
10600,reversed,2537
10700,reversed,2527
10800,reversed,2669
10900,reversed,2060
11000,reversed,2154
11100,reversed,2462
11200,reversed,2146
11300,reversed,2215
11400,reversed,2203
11500,reversed,2243
11600,reversed,2422
11700,reversed,2324
11800,reversed,2538
11900,reversed,2451
12000,reversed,2293
12100,reversed,2280
12200,reversed,2806
12300,reversed,1547
12400,reversed,1766
12500,reversed,1417
12600,reversed,1399
12700,reversed,1430
12800,reversed,1430
12900,reversed,1852
13000,reversed,1434
13100,reversed,1597
13200,reversed,1992
13300,reversed,1541
13400,reversed,1454
13500,reversed,1562
13600,reversed,1681
13700,reversed,1560
13800,reversed,1751
13900,reversed,1600
14000,reversed,1525
14100,reversed,1646
14200,reversed,1739
14300,reversed,1554
14400,reversed,1557
14500,reversed,1594
14600,reversed,1566
14700,reversed,1632
14800,reversed,1624
14900,reversed,1653
15000,reversed,1675
15100,reversed,2325
15200,reversed,2183
15300,reversed,1737
15400,reversed,1727
15500,reversed,1756
15600,reversed,1751
15700,reversed,1795
15800,reversed,1779
15900,reversed,1812
16000,reversed,1764
16100,reversed,1948
16200,reversed,1964
16300,reversed,1800
16400,reversed,1814
16500,reversed,1946
16600,reversed,1961
16700,reversed,1935
16800,reversed,1993
16900,reversed,2043
17000,reversed,2313
17100,reversed,1853
17200,reversed,2001
17300,reversed,2086
17400,reversed,1948
17500,reversed,2002
17600,reversed,2360
17700,reversed,1990
17800,reversed,1906
17900,reversed,2100
18000,reversed,2328
18100,reversed,2415
18200,reversed,2086
18300,reversed,2136
18400,reversed,2291
18500,reversed,2300
18600,reversed,2361
18700,reversed,2886
18800,reversed,2760
18900,reversed,5054
19000,reversed,5952
19100,reversed,3862
19200,reversed,2234
19300,reversed,2411
19400,reversed,2242
19500,reversed,2519
19600,reversed,2335
19700,reversed,2399
19800,reversed,2259
19900,reversed,2340
20000,reversed,2312
20100,reversed,5396
20200,reversed,5214
20300,reversed,3599
20400,reversed,2654
20500,reversed,2490
20600,reversed,2673
20700,reversed,2386
20800,reversed,2347
20900,reversed,2355
21000,reversed,2410
21100,reversed,2383
21200,reversed,2775
21300,reversed,2478
21400,reversed,2879
21500,reversed,2798
21600,reversed,2782
21700,reversed,2451
21800,reversed,2678
21900,reversed,3003
22000,reversed,3250
22100,reversed,2837
22200,reversed,2740
22300,reversed,2486
22400,reversed,2530
22500,reversed,2693
22600,reversed,3061
22700,reversed,2525
22800,reversed,2656
22900,reversed,2549
23000,reversed,2969
23100,reversed,2565
23200,reversed,2987
23300,reversed,3438
23400,reversed,3185
23500,reversed,3459
23600,reversed,2646
23700,reversed,2733
23800,reversed,3136
23900,reversed,3167
24000,reversed,3103
24100,reversed,3477
24200,reversed,3032
24300,reversed,3003
24400,reversed,2793
24500,reversed,3070
24600,reversed,2824
24700,reversed,3274
24800,reversed,3296
24900,reversed,2869
25000,reversed,3291
25100,reversed,6108
25200,reversed,3198
25300,reversed,3090
25400,reversed,2983
25500,reversed,3079
25600,reversed,3212
25700,reversed,3124
25800,reversed,3051
25900,reversed,3054
26000,reversed,3542
26100,reversed,3092
26200,reversed,3221
26300,reversed,3049
26400,reversed,3365
26500,reversed,3115
26600,reversed,3065
26700,reversed,3116
26800,reversed,3973
26900,reversed,3172
27000,reversed,3530
27100,reversed,3255
27200,reversed,4193
27300,reversed,3529
27400,reversed,3239
27500,reversed,3447
27600,reversed,3281
27700,reversed,3192
27800,reversed,3471
27900,reversed,3221
28000,reversed,3244
28100,reversed,3250
28200,reversed,3563
28300,reversed,3238
28400,reversed,3901
28500,reversed,3629
28600,reversed,3393
28700,reversed,3405
28800,reversed,3284
28900,reversed,3473
29000,reversed,3763
29100,reversed,3284
29200,reversed,3481
29300,reversed,3680
29400,reversed,5735
29500,reversed,8777
29600,reversed,6265
29700,reversed,3796
29800,reversed,3648
29900,reversed,3822
30000,reversed,3489
30100,reversed,8413
30200,reversed,6660
30300,reversed,3903
30400,reversed,4203
30500,reversed,3616
30600,reversed,3657
30700,reversed,4049
30800,reversed,3651
30900,reversed,4159
31000,reversed,4116
31100,reversed,3741
31200,reversed,4249
31300,reversed,4267
31400,reversed,4146
31500,reversed,4517
31600,reversed,4306
31700,reversed,3649
31800,reversed,3933
31900,reversed,7820
32000,reversed,8006
32100,reversed,4018
32200,reversed,4245
32300,reversed,3842
32400,reversed,4125
32500,reversed,3821
32600,reversed,4100
32700,reversed,4837
32800,reversed,3857
32900,reversed,3859
33000,reversed,4358
33100,reversed,3808
33200,reversed,5462
33300,reversed,4222
33400,reversed,4757
33500,reversed,4483
33600,reversed,4013
33700,reversed,4562
33800,reversed,3924
33900,reversed,4448
34000,reversed,4471
34100,reversed,4057
34200,reversed,4830
34300,reversed,4400
34400,reversed,4066
34500,reversed,4176
34600,reversed,4577
34700,reversed,4414
34800,reversed,4489
34900,reversed,4630
35000,reversed,4621
35100,reversed,4197
35200,reversed,4493
35300,reversed,4531
35400,reversed,4204
35500,reversed,4504
35600,reversed,4392
35700,reversed,4268
35800,reversed,4451
35900,reversed,4858
36000,reversed,4373
36100,reversed,4748
36200,reversed,4554
36300,reversed,4372
36400,reversed,4258
36500,reversed,4381
36600,reversed,4532
36700,reversed,5430
36800,reversed,4890
36900,reversed,5293
37000,reversed,4975
37100,reversed,4483
37200,reversed,4844
37300,reversed,5191
37400,reversed,4969
37500,reversed,5512
37600,reversed,4641
37700,reversed,4520
37800,reversed,4632
37900,reversed,6269
38000,reversed,10593
38100,reversed,5073
38200,reversed,4835
38300,reversed,5141
38400,reversed,5379
38500,reversed,4736
38600,reversed,5225
38700,reversed,4818
38800,reversed,5960
38900,reversed,5089
39000,reversed,5426
39100,reversed,4932
39200,reversed,6313
39300,reversed,4896
39400,reversed,4771
39500,reversed,4634
39600,reversed,5052
39700,reversed,6305
39800,reversed,4935
39900,reversed,7039
40000,reversed,11008
40100,reversed,11603
40200,reversed,7571
40300,reversed,4784
40400,reversed,5920
40500,reversed,4904
40600,reversed,5006
40700,reversed,5558
40800,reversed,9228
40900,reversed,11980
41000,reversed,11686
41100,reversed,10706
41200,reversed,8060
41300,reversed,6078
41400,reversed,5748
41500,reversed,8812
41600,reversed,9519
41700,reversed,7307
41800,reversed,6231
41900,reversed,6047
42000,reversed,6235
42100,reversed,6917
42200,reversed,6111
42300,reversed,5299
42400,reversed,5436
42500,reversed,5282
42600,reversed,5194
42700,reversed,5648
42800,reversed,5778
42900,reversed,6685
43000,reversed,6127
43100,reversed,5668
43200,reversed,5224
43300,reversed,5571
43400,reversed,6396
43500,reversed,10967
43600,reversed,11688
43700,reversed,9527
43800,reversed,9978
43900,reversed,9891
44000,reversed,11271
44100,reversed,10404
44200,reversed,10452
44300,reversed,12493
44400,reversed,11075
44500,reversed,9417
44600,reversed,9865
44700,reversed,9103
44800,reversed,8347
44900,reversed,7787
45000,reversed,7648
45100,reversed,7743
45200,reversed,6228
45300,reversed,6015
45400,reversed,5710
45500,reversed,5998
45600,reversed,5821
45700,reversed,6101
45800,reversed,5602
45900,reversed,5979
46000,reversed,6037
46100,reversed,6349
46200,reversed,6150
46300,reversed,6671
46400,reversed,6185
46500,reversed,5814
46600,reversed,6168
46700,reversed,5738
46800,reversed,6257
46900,reversed,6071
47000,reversed,5914
47100,reversed,5834
47200,reversed,5988
47300,reversed,5932
47400,reversed,6128
47500,reversed,6046
47600,reversed,6577
47700,reversed,13488
47800,reversed,11972
47900,reversed,8784
48000,reversed,6707
48100,reversed,6753
48200,reversed,6177
48300,reversed,6276
48400,reversed,6026
48500,reversed,5956
48600,reversed,6225
48700,reversed,7078
48800,reversed,6642
48900,reversed,6063
49000,reversed,7915
49100,reversed,6615
49200,reversed,5993
49300,reversed,5869
49400,reversed,6343
49500,reversed,6516
49600,reversed,6116
49700,reversed,6159
49800,reversed,6138
49900,reversed,6894
50000,reversed,6597
50100,reversed,9464
50200,reversed,6830
50300,reversed,6724
50400,reversed,6465
50500,reversed,6522
50600,reversed,6567
50700,reversed,6477
50800,reversed,6621
50900,reversed,6487
51000,reversed,6124
51100,reversed,6244
51200,reversed,6474
51300,reversed,6957
51400,reversed,6373
51500,reversed,6599
51600,reversed,7507
51700,reversed,7433
51800,reversed,6751
51900,reversed,6388
52000,reversed,7016
52100,reversed,7300
52200,reversed,6755
52300,reversed,7654
52400,reversed,7052
52500,reversed,7257
52600,reversed,6610
52700,reversed,7154
52800,reversed,6765
52900,reversed,7537
53000,reversed,7012
53100,reversed,7440
53200,reversed,7650
53300,reversed,7092
53400,reversed,7952
53500,reversed,6836
53600,reversed,11047
53700,reversed,9657
53800,reversed,7262
53900,reversed,6766
54000,reversed,7374
54100,reversed,8039
54200,reversed,7107
54300,reversed,6969
54400,reversed,7306
54500,reversed,7090
54600,reversed,7454
54700,reversed,8045
54800,reversed,7639
54900,reversed,7023
55000,reversed,7852
55100,reversed,9732
55200,reversed,8139
55300,reversed,8020
55400,reversed,7061
55500,reversed,7399
55600,reversed,7853
55700,reversed,6836
55800,reversed,7778
55900,reversed,7705
56000,reversed,7740
56100,reversed,8121
56200,reversed,7460
56300,reversed,7469
56400,reversed,7356
56500,reversed,7561
56600,reversed,7515
56700,reversed,8433
56800,reversed,7417
56900,reversed,7754
57000,reversed,7762
57100,reversed,7756
57200,reversed,7880
57300,reversed,7996
57400,reversed,7605
57500,reversed,8030
57600,reversed,7544
57700,reversed,11030
57800,reversed,12700
57900,reversed,7744
58000,reversed,10859
58100,reversed,13963
58200,reversed,8063
58300,reversed,7881
58400,reversed,7586
58500,reversed,7392
58600,reversed,7904
58700,reversed,11525
58800,reversed,10784
58900,reversed,8393
59000,reversed,7734
59100,reversed,7782
59200,reversed,9018
59300,reversed,8403
59400,reversed,7246
59500,reversed,8040
59600,reversed,8073
59700,reversed,7766
59800,reversed,7976
59900,reversed,7511
60000,reversed,8669
60100,reversed,17892
60200,reversed,11912
60300,reversed,7947
60400,reversed,7474
60500,reversed,7802
60600,reversed,7569
60700,reversed,7875
60800,reversed,7735
60900,reversed,8100
61000,reversed,9841
61100,reversed,7912
61200,reversed,8322
61300,reversed,8975
61400,reversed,8384
61500,reversed,8612
61600,reversed,8726
61700,reversed,8177
61800,reversed,7687
61900,reversed,8259
62000,reversed,8056
62100,reversed,9884
62200,reversed,8828
62300,reversed,8704
62400,reversed,9020
62500,reversed,9686
62600,reversed,8491
62700,reversed,8550
62800,reversed,8561
62900,reversed,8454
63000,reversed,8512
63100,reversed,8890
63200,reversed,9737
63300,reversed,9295
63400,reversed,8692
63500,reversed,9013
63600,reversed,9115
63700,reversed,8143
63800,reversed,9449
63900,reversed,8591
64000,reversed,9295
64100,reversed,8484
64200,reversed,8106
64300,reversed,8133
64400,reversed,15550
64500,reversed,10985
64600,reversed,8458
64700,reversed,8080
64800,reversed,8298
64900,reversed,8409
65000,reversed,9381
65100,reversed,16399
65200,reversed,9280
65300,reversed,8402
65400,reversed,8842
65500,reversed,9102
65600,reversed,8728
65700,reversed,9089
65800,reversed,8622
65900,reversed,9179
66000,reversed,9682
66100,reversed,8926
66200,reversed,8692
66300,reversed,9159
66400,reversed,8598
66500,reversed,8209
66600,reversed,9408
66700,reversed,8958
66800,reversed,8908
66900,reversed,9014
67000,reversed,12095
67100,reversed,15711
67200,reversed,8739
67300,reversed,15349
67400,reversed,11384
67500,reversed,8604
67600,reversed,9639
67700,reversed,9004
67800,reversed,9523
67900,reversed,17886
68000,reversed,16542
68100,reversed,9163
68200,reversed,9538
68300,reversed,9225
68400,reversed,9901
68500,reversed,8868
68600,reversed,8910
68700,reversed,10400
68800,reversed,9539
68900,reversed,9782
69000,reversed,9400
69100,reversed,9612
69200,reversed,9145
69300,reversed,9570
69400,reversed,9315
69500,reversed,9064
69600,reversed,9621
69700,reversed,9222
69800,reversed,9764
69900,reversed,9230
70000,reversed,10504
70100,reversed,19058
70200,reversed,20064
70300,reversed,16659
70400,reversed,18660
70500,reversed,14042
70600,reversed,12769
70700,reversed,11436
70800,reversed,11526
70900,reversed,18607
71000,reversed,12663
71100,reversed,10269
71200,reversed,10494
71300,reversed,10030
71400,reversed,9530
71500,reversed,10066
71600,reversed,9665
71700,reversed,9295
71800,reversed,12098
71900,reversed,19970
72000,reversed,14131
72100,reversed,9934
72200,reversed,9672
72300,reversed,10121
72400,reversed,9599
72500,reversed,9963
72600,reversed,9815
72700,reversed,10055
72800,reversed,9539
72900,reversed,9578
73000,reversed,10387
73100,reversed,10356
73200,reversed,10036
73300,reversed,10984
73400,reversed,10065
73500,reversed,10088
73600,reversed,10620
73700,reversed,9540
73800,reversed,10285
73900,reversed,10628
74000,reversed,10665
74100,reversed,9507
74200,reversed,9674
74300,reversed,9928
74400,reversed,9689
74500,reversed,10760
74600,reversed,10317
74700,reversed,9582
74800,reversed,9512
74900,reversed,9833
75000,reversed,10016
75100,reversed,9855
75200,reversed,10573
75300,reversed,10594
75400,reversed,10233
75500,reversed,10048
75600,reversed,19913
75700,reversed,10675
75800,reversed,9969
75900,reversed,11045
76000,reversed,10528
76100,reversed,10868
76200,reversed,9458
76300,reversed,10824
76400,reversed,9871
76500,reversed,10076
76600,reversed,22341
76700,reversed,19367
76800,reversed,14339
76900,reversed,10301
77000,reversed,10686
77100,reversed,10297
77200,reversed,11288
77300,reversed,10224
77400,reversed,11153
77500,reversed,11200
77600,reversed,10017
77700,reversed,10623
77800,reversed,14754
77900,reversed,20742
78000,reversed,18199
78100,reversed,17954
78200,reversed,13678
78300,reversed,11144
78400,reversed,11001
78500,reversed,10550
78600,reversed,10542
78700,reversed,10856
78800,reversed,13478
78900,reversed,22661
79000,reversed,14852
79100,reversed,12377
79200,reversed,14532
79300,reversed,17105
79400,reversed,12230
79500,reversed,11318
79600,reversed,10384
79700,reversed,10903
79800,reversed,10995
79900,reversed,11513
80000,reversed,10041
80100,reversed,16366
80200,reversed,11257
80300,reversed,11001
80400,reversed,10948
80500,reversed,10688
80600,reversed,11310
80700,reversed,10374
80800,reversed,10841
80900,reversed,10890
81000,reversed,10508
81100,reversed,10741
81200,reversed,11383
81300,reversed,10912
81400,reversed,10836
81500,reversed,11207
81600,reversed,10917
81700,reversed,10564
81800,reversed,10668
81900,reversed,10992
82000,reversed,12545
82100,reversed,11690
82200,reversed,11060
82300,reversed,11274
82400,reversed,10520
82500,reversed,11224
82600,reversed,11357
82700,reversed,11201
82800,reversed,11864
82900,reversed,11699
83000,reversed,11367
83100,reversed,12406
83200,reversed,11753
83300,reversed,11978
83400,reversed,10423
83500,reversed,11681
83600,reversed,11043
83700,reversed,12036
83800,reversed,11574
83900,reversed,12396
84000,reversed,16550
84100,reversed,12881
84200,reversed,12456
84300,reversed,12756
84400,reversed,11291
84500,reversed,11299
84600,reversed,11811
84700,reversed,12276
84800,reversed,11352
84900,reversed,11179
85000,reversed,11568
85100,reversed,17577
85200,reversed,11970
85300,reversed,11471
85400,reversed,12384
85500,reversed,11331
85600,reversed,11468
85700,reversed,12131
85800,reversed,12341
85900,reversed,12080
86000,reversed,15435
86100,reversed,23916
86200,reversed,22742
86300,reversed,15713
86400,reversed,12373
86500,reversed,24221
86600,reversed,20503
86700,reversed,22800
86800,reversed,24633
86900,reversed,22344
87000,reversed,24766
87100,reversed,21650
87200,reversed,20075
87300,reversed,19362
87400,reversed,15644
87500,reversed,14131
87600,reversed,12516
87700,reversed,12653
87800,reversed,12828
87900,reversed,12058
88000,reversed,11505
88100,reversed,11870
88200,reversed,10963
88300,reversed,12221
88400,reversed,13851
88500,reversed,12662
88600,reversed,12724
88700,reversed,11854
88800,reversed,12035
88900,reversed,11715
89000,reversed,13097
89100,reversed,15434
89200,reversed,18195
89300,reversed,11995
89400,reversed,13372
89500,reversed,12221
89600,reversed,14185
89700,reversed,11771
89800,reversed,11867
89900,reversed,13313
90000,reversed,12586
90100,reversed,29642
90200,reversed,15018
90300,reversed,21379
90400,reversed,18942
90500,reversed,12519
90600,reversed,12222
90700,reversed,22299
90800,reversed,18473
90900,reversed,13252
91000,reversed,12379
91100,reversed,12758
91200,reversed,12126
91300,reversed,12871
91400,reversed,12761
91500,reversed,12908
91600,reversed,12716
91700,reversed,12538
91800,reversed,11932
91900,reversed,13010
92000,reversed,13058
92100,reversed,15640
92200,reversed,18745
92300,reversed,12933
92400,reversed,12664
92500,reversed,11837
92600,reversed,13178
92700,reversed,21604
92800,reversed,12500
92900,reversed,12338
93000,reversed,12368
93100,reversed,13043
93200,reversed,17832
93300,reversed,17251
93400,reversed,12357
93500,reversed,13809
93600,reversed,13658
93700,reversed,13387
93800,reversed,12738
93900,reversed,13845
94000,reversed,12848
94100,reversed,13240
94200,reversed,13227
94300,reversed,12175
94400,reversed,13610
94500,reversed,11996
94600,reversed,12863
94700,reversed,13329
94800,reversed,12872
94900,reversed,12998
95000,reversed,13369
95100,reversed,13138
95200,reversed,18125
95300,reversed,12996
95400,reversed,13268
95500,reversed,13340
95600,reversed,13267
95700,reversed,13112
95800,reversed,13049
95900,reversed,13740
96000,reversed,13106
96100,reversed,14530
96200,reversed,13434
96300,reversed,13737
96400,reversed,13664
96500,reversed,12465
96600,reversed,12866
96700,reversed,14112
96800,reversed,13933
96900,reversed,14368
97000,reversed,12513
97100,reversed,21337
97200,reversed,15109
97300,reversed,12832
97400,reversed,13115
97500,reversed,13468
97600,reversed,13060
97700,reversed,13535
97800,reversed,13270
97900,reversed,13361
98000,reversed,13780
98100,reversed,13605
98200,reversed,13604
98300,reversed,13316
98400,reversed,13848
98500,reversed,13134
98600,reversed,14077
98700,reversed,13024
98800,reversed,13912
98900,reversed,13484
99000,reversed,13079
99100,reversed,14591
99200,reversed,13644
99300,reversed,14196
99400,reversed,22163
99500,reversed,13442
99600,reversed,14027
99700,reversed,13678
99800,reversed,14285
99900,reversed,14189
100000,reversed,13759
500,nearly_sorted,86
600,nearly_sorted,99
700,nearly_sorted,119
800,nearly_sorted,136
900,nearly_sorted,160
1000,nearly_sorted,172
1100,nearly_sorted,193
1200,nearly_sorted,209
1300,nearly_sorted,233
1400,nearly_sorted,297
1500,nearly_sorted,281
1600,nearly_sorted,285
1700,nearly_sorted,315
1800,nearly_sorted,327
1900,nearly_sorted,343
2000,nearly_sorted,361
2100,nearly_sorted,432
2200,nearly_sorted,456
2300,nearly_sorted,478
2400,nearly_sorted,498
2500,nearly_sorted,490
2600,nearly_sorted,461
2700,nearly_sorted,613
2800,nearly_sorted,671
2900,nearly_sorted,545
3000,nearly_sorted,666
3100,nearly_sorted,665
3200,nearly_sorted,619
3300,nearly_sorted,632
3400,nearly_sorted,632
3500,nearly_sorted,656
3600,nearly_sorted,686
3700,nearly_sorted,760
3800,nearly_sorted,876
3900,nearly_sorted,964
4000,nearly_sorted,814
4100,nearly_sorted,912
4200,nearly_sorted,947
4300,nearly_sorted,828
4400,nearly_sorted,926
4500,nearly_sorted,915
4600,nearly_sorted,1059
4700,nearly_sorted,931
4800,nearly_sorted,1194
4900,nearly_sorted,1105
5000,nearly_sorted,1158
5100,nearly_sorted,1082
5200,nearly_sorted,1057
5300,nearly_sorted,1252
5400,nearly_sorted,1419
5500,nearly_sorted,1084
5600,nearly_sorted,537
5700,nearly_sorted,542
5800,nearly_sorted,483
5900,nearly_sorted,529
6000,nearly_sorted,538
6100,nearly_sorted,592
6200,nearly_sorted,555
6300,nearly_sorted,578
6400,nearly_sorted,621
6500,nearly_sorted,658
6600,nearly_sorted,702
6700,nearly_sorted,778
6800,nearly_sorted,637
6900,nearly_sorted,709
7000,nearly_sorted,688
7100,nearly_sorted,690
7200,nearly_sorted,717
7300,nearly_sorted,731
7400,nearly_sorted,745
7500,nearly_sorted,721
7600,nearly_sorted,730
7700,nearly_sorted,758
7800,nearly_sorted,739
7900,nearly_sorted,891
8000,nearly_sorted,831
8100,nearly_sorted,828
8200,nearly_sorted,782
8300,nearly_sorted,841
8400,nearly_sorted,846
8500,nearly_sorted,848
8600,nearly_sorted,800
8700,nearly_sorted,884
8800,nearly_sorted,862
8900,nearly_sorted,877
9000,nearly_sorted,833
9100,nearly_sorted,920
9200,nearly_sorted,888
9300,nearly_sorted,954
9400,nearly_sorted,1057
9500,nearly_sorted,979
9600,nearly_sorted,903
9700,nearly_sorted,954
9800,nearly_sorted,995
9900,nearly_sorted,1011
10000,nearly_sorted,929
10100,nearly_sorted,2311
10200,nearly_sorted,2524
10300,nearly_sorted,2282
10400,nearly_sorted,2647
10500,nearly_sorted,2152
10600,nearly_sorted,1798
10700,nearly_sorted,1756
10800,nearly_sorted,1827
10900,nearly_sorted,1893
11000,nearly_sorted,2050
11100,nearly_sorted,2099
11200,nearly_sorted,2514
11300,nearly_sorted,2246
11400,nearly_sorted,1989
11500,nearly_sorted,2143
11600,nearly_sorted,2534
11700,nearly_sorted,2319
11800,nearly_sorted,2182
11900,nearly_sorted,2118
12000,nearly_sorted,2204
12100,nearly_sorted,2287
12200,nearly_sorted,2115
12300,nearly_sorted,2424
12400,nearly_sorted,2349
12500,nearly_sorted,2236
12600,nearly_sorted,2654
12700,nearly_sorted,2384
12800,nearly_sorted,2442
12900,nearly_sorted,2215
13000,nearly_sorted,1921
13100,nearly_sorted,1655
13200,nearly_sorted,1742
13300,nearly_sorted,1641
13400,nearly_sorted,1755
13500,nearly_sorted,1757
13600,nearly_sorted,1791
13700,nearly_sorted,2073
13800,nearly_sorted,1936
13900,nearly_sorted,2320
14000,nearly_sorted,1913
14100,nearly_sorted,1920
14200,nearly_sorted,1832
14300,nearly_sorted,1864
14400,nearly_sorted,1799
14500,nearly_sorted,1899
14600,nearly_sorted,2225
14700,nearly_sorted,1919
14800,nearly_sorted,2259
14900,nearly_sorted,1765
15000,nearly_sorted,1777
15100,nearly_sorted,3834
15200,nearly_sorted,3983
15300,nearly_sorted,3448
15400,nearly_sorted,2349
15500,nearly_sorted,2066
15600,nearly_sorted,2092
15700,nearly_sorted,2339
15800,nearly_sorted,2349
15900,nearly_sorted,2401
16000,nearly_sorted,2062
16100,nearly_sorted,2075
16200,nearly_sorted,2092
16300,nearly_sorted,2139
16400,nearly_sorted,2114
16500,nearly_sorted,2035
16600,nearly_sorted,3534
16700,nearly_sorted,4294
16800,nearly_sorted,4284
16900,nearly_sorted,3660
17000,nearly_sorted,2015
17100,nearly_sorted,2203
17200,nearly_sorted,2136
17300,nearly_sorted,2101
17400,nearly_sorted,2018
17500,nearly_sorted,2113
17600,nearly_sorted,1978
17700,nearly_sorted,3899
17800,nearly_sorted,4511
17900,nearly_sorted,4265
18000,nearly_sorted,3766
18100,nearly_sorted,2481
18200,nearly_sorted,2508
18300,nearly_sorted,2380
18400,nearly_sorted,2421
18500,nearly_sorted,2714
18600,nearly_sorted,2999
18700,nearly_sorted,2503
18800,nearly_sorted,2556
18900,nearly_sorted,2426
19000,nearly_sorted,2403
19100,nearly_sorted,2346
19200,nearly_sorted,2346
19300,nearly_sorted,2343
19400,nearly_sorted,2141
19500,nearly_sorted,2445
19600,nearly_sorted,2427
19700,nearly_sorted,2202
19800,nearly_sorted,2416
19900,nearly_sorted,2320
20000,nearly_sorted,2586
20100,nearly_sorted,5587
20200,nearly_sorted,5580
20300,nearly_sorted,5498
20400,nearly_sorted,5803
20500,nearly_sorted,4819
20600,nearly_sorted,3364
20700,nearly_sorted,3692
20800,nearly_sorted,4389
20900,nearly_sorted,4028
21000,nearly_sorted,5457
21100,nearly_sorted,5110
21200,nearly_sorted,4898
21300,nearly_sorted,4871
21400,nearly_sorted,4632
21500,nearly_sorted,3390
21600,nearly_sorted,3342
21700,nearly_sorted,3683
21800,nearly_sorted,3766
21900,nearly_sorted,3750
22000,nearly_sorted,3468
22100,nearly_sorted,3512
22200,nearly_sorted,3690
22300,nearly_sorted,3790
22400,nearly_sorted,3633
22500,nearly_sorted,5861
22600,nearly_sorted,18115
22700,nearly_sorted,13965
22800,nearly_sorted,13962
22900,nearly_sorted,14622
23000,nearly_sorted,14400
23100,nearly_sorted,15733
23200,nearly_sorted,15247
23300,nearly_sorted,15254
23400,nearly_sorted,14795
23500,nearly_sorted,18164
23600,nearly_sorted,16427
23700,nearly_sorted,15093
23800,nearly_sorted,19062
23900,nearly_sorted,19646
24000,nearly_sorted,15203
24100,nearly_sorted,15722
24200,nearly_sorted,16095
24300,nearly_sorted,15872
24400,nearly_sorted,17569
24500,nearly_sorted,17988
24600,nearly_sorted,16431
24700,nearly_sorted,16141
24800,nearly_sorted,14628
24900,nearly_sorted,7787
25000,nearly_sorted,7600
25100,nearly_sorted,14401
25200,nearly_sorted,12368
25300,nearly_sorted,13130
25400,nearly_sorted,11370
25500,nearly_sorted,10253
25600,nearly_sorted,10134
25700,nearly_sorted,10789
25800,nearly_sorted,10496
25900,nearly_sorted,11672
26000,nearly_sorted,13391
26100,nearly_sorted,14493
26200,nearly_sorted,12547
26300,nearly_sorted,11256
26400,nearly_sorted,11141
26500,nearly_sorted,11520
26600,nearly_sorted,15174
26700,nearly_sorted,14490
26800,nearly_sorted,12474
26900,nearly_sorted,14334
27000,nearly_sorted,13399
27100,nearly_sorted,12048
27200,nearly_sorted,12098
27300,nearly_sorted,12672
27400,nearly_sorted,12332
27500,nearly_sorted,12473
27600,nearly_sorted,12073
27700,nearly_sorted,13675
27800,nearly_sorted,12599
27900,nearly_sorted,11730
28000,nearly_sorted,10760
28100,nearly_sorted,10396
28200,nearly_sorted,9630
28300,nearly_sorted,8487
28400,nearly_sorted,8494
28500,nearly_sorted,7112
28600,nearly_sorted,7440
28700,nearly_sorted,7806
28800,nearly_sorted,7659
28900,nearly_sorted,7676
29000,nearly_sorted,8517
29100,nearly_sorted,8032
29200,nearly_sorted,7964
29300,nearly_sorted,7869
29400,nearly_sorted,8015
29500,nearly_sorted,7480
29600,nearly_sorted,8290
29700,nearly_sorted,8190
29800,nearly_sorted,17296
29900,nearly_sorted,16513
30000,nearly_sorted,14564
30100,nearly_sorted,15723
30200,nearly_sorted,12286
30300,nearly_sorted,10634
30400,nearly_sorted,10360
30500,nearly_sorted,9331
30600,nearly_sorted,8835
30700,nearly_sorted,8614
30800,nearly_sorted,9320
30900,nearly_sorted,8742
31000,nearly_sorted,9684
31100,nearly_sorted,9020
31200,nearly_sorted,8830
31300,nearly_sorted,9147
31400,nearly_sorted,9274
31500,nearly_sorted,9551
31600,nearly_sorted,8970
31700,nearly_sorted,8694
31800,nearly_sorted,8757
31900,nearly_sorted,9020
32000,nearly_sorted,8699
32100,nearly_sorted,8875
32200,nearly_sorted,19740
32300,nearly_sorted,9206
32400,nearly_sorted,8975
32500,nearly_sorted,9357
32600,nearly_sorted,8946
32700,nearly_sorted,9101
32800,nearly_sorted,9179
32900,nearly_sorted,9485
33000,nearly_sorted,9450
33100,nearly_sorted,9912
33200,nearly_sorted,9437
33300,nearly_sorted,8602
33400,nearly_sorted,8843
33500,nearly_sorted,8725
33600,nearly_sorted,8795
33700,nearly_sorted,7751
33800,nearly_sorted,14716
33900,nearly_sorted,9690
34000,nearly_sorted,7974
34100,nearly_sorted,15934
34200,nearly_sorted,11403
34300,nearly_sorted,11109
34400,nearly_sorted,11133
34500,nearly_sorted,11673
34600,nearly_sorted,11764
34700,nearly_sorted,12334
34800,nearly_sorted,11538
34900,nearly_sorted,11522
35000,nearly_sorted,12142
35100,nearly_sorted,15997
35200,nearly_sorted,11751
35300,nearly_sorted,12589
35400,nearly_sorted,11850
35500,nearly_sorted,12388
35600,nearly_sorted,12019
35700,nearly_sorted,11698
35800,nearly_sorted,11803
35900,nearly_sorted,11723
36000,nearly_sorted,12298
36100,nearly_sorted,12115
36200,nearly_sorted,12194
36300,nearly_sorted,11898
36400,nearly_sorted,12934
36500,nearly_sorted,21443
36600,nearly_sorted,26498
36700,nearly_sorted,21179
36800,nearly_sorted,13188
36900,nearly_sorted,12503
37000,nearly_sorted,12436
37100,nearly_sorted,13340
37200,nearly_sorted,13808
37300,nearly_sorted,14104
37400,nearly_sorted,13754
37500,nearly_sorted,14057
37600,nearly_sorted,13447
37700,nearly_sorted,13444
37800,nearly_sorted,12894
37900,nearly_sorted,14012
38000,nearly_sorted,14072
38100,nearly_sorted,13977
38200,nearly_sorted,13657
38300,nearly_sorted,14443
38400,nearly_sorted,20114
38500,nearly_sorted,14677
38600,nearly_sorted,14683
38700,nearly_sorted,14875
38800,nearly_sorted,13866
38900,nearly_sorted,23354
39000,nearly_sorted,14056
39100,nearly_sorted,14314
39200,nearly_sorted,15352
39300,nearly_sorted,15812
39400,nearly_sorted,15152
39500,nearly_sorted,15365
39600,nearly_sorted,15639
39700,nearly_sorted,24591
39800,nearly_sorted,15215
39900,nearly_sorted,15144
40000,nearly_sorted,15151
40100,nearly_sorted,34084
40200,nearly_sorted,28862
40300,nearly_sorted,16137
40400,nearly_sorted,14534
40500,nearly_sorted,16042
40600,nearly_sorted,16908
40700,nearly_sorted,14427
40800,nearly_sorted,14950
40900,nearly_sorted,15255
41000,nearly_sorted,15644
41100,nearly_sorted,16234
41200,nearly_sorted,15645
41300,nearly_sorted,16265
41400,nearly_sorted,16108
41500,nearly_sorted,18112
41600,nearly_sorted,22509
41700,nearly_sorted,16207
41800,nearly_sorted,16278
41900,nearly_sorted,16792
42000,nearly_sorted,32486
42100,nearly_sorted,25409
42200,nearly_sorted,16397
42300,nearly_sorted,16839
42400,nearly_sorted,17662
42500,nearly_sorted,17237
42600,nearly_sorted,16434
42700,nearly_sorted,17192
42800,nearly_sorted,18418
42900,nearly_sorted,18573
43000,nearly_sorted,26462
43100,nearly_sorted,18136
43200,nearly_sorted,18123
43300,nearly_sorted,18475
43400,nearly_sorted,27037
43500,nearly_sorted,18327
43600,nearly_sorted,17734
43700,nearly_sorted,17341
43800,nearly_sorted,17834
43900,nearly_sorted,17760
44000,nearly_sorted,39318
44100,nearly_sorted,22063
44200,nearly_sorted,19310
44300,nearly_sorted,19585
44400,nearly_sorted,18213
44500,nearly_sorted,19090
44600,nearly_sorted,17941
44700,nearly_sorted,19433
44800,nearly_sorted,14408
44900,nearly_sorted,14276
45000,nearly_sorted,15873
45100,nearly_sorted,15274
45200,nearly_sorted,21871
45300,nearly_sorted,13600
45400,nearly_sorted,13406
45500,nearly_sorted,12925
45600,nearly_sorted,15673
45700,nearly_sorted,13848
45800,nearly_sorted,16679
45900,nearly_sorted,12431
46000,nearly_sorted,18136
46100,nearly_sorted,17444
46200,nearly_sorted,16699
46300,nearly_sorted,27274
46400,nearly_sorted,17652
46500,nearly_sorted,18824
46600,nearly_sorted,19463
46700,nearly_sorted,19287
46800,nearly_sorted,17737
46900,nearly_sorted,14021
47000,nearly_sorted,23467
47100,nearly_sorted,23642
47200,nearly_sorted,13520
47300,nearly_sorted,17201
47400,nearly_sorted,13653
47500,nearly_sorted,15005
47600,nearly_sorted,21917
47700,nearly_sorted,21131
47800,nearly_sorted,14663
47900,nearly_sorted,14816
48000,nearly_sorted,15485
48100,nearly_sorted,16037
48200,nearly_sorted,14123
48300,nearly_sorted,14366
48400,nearly_sorted,15440
48500,nearly_sorted,14622
48600,nearly_sorted,20414
48700,nearly_sorted,25160
48800,nearly_sorted,15741
48900,nearly_sorted,15816
49000,nearly_sorted,15115
49100,nearly_sorted,18619
49200,nearly_sorted,20663
49300,nearly_sorted,15776
49400,nearly_sorted,15862
49500,nearly_sorted,24293
49600,nearly_sorted,15207
49700,nearly_sorted,12492
49800,nearly_sorted,14194
49900,nearly_sorted,12404
50000,nearly_sorted,15703
50100,nearly_sorted,15315
50200,nearly_sorted,12888
50300,nearly_sorted,13040
50400,nearly_sorted,12198
50500,nearly_sorted,12619
50600,nearly_sorted,17044
50700,nearly_sorted,18991
50800,nearly_sorted,13716
50900,nearly_sorted,12637
51000,nearly_sorted,13273
51100,nearly_sorted,17680
51200,nearly_sorted,12784
51300,nearly_sorted,13702
51400,nearly_sorted,12750
51500,nearly_sorted,17603
51600,nearly_sorted,14236
51700,nearly_sorted,17112
51800,nearly_sorted,13343
51900,nearly_sorted,12840
52000,nearly_sorted,12454
52100,nearly_sorted,18248
52200,nearly_sorted,14216
52300,nearly_sorted,16484
52400,nearly_sorted,18690
52500,nearly_sorted,18170
52600,nearly_sorted,14492
52700,nearly_sorted,13184
52800,nearly_sorted,32412
52900,nearly_sorted,21674
53000,nearly_sorted,21264
53100,nearly_sorted,26491
53200,nearly_sorted,30706
53300,nearly_sorted,21811
53400,nearly_sorted,20815
53500,nearly_sorted,21562
53600,nearly_sorted,21660
53700,nearly_sorted,21454
53800,nearly_sorted,22273
53900,nearly_sorted,22479
54000,nearly_sorted,22323
54100,nearly_sorted,23369
54200,nearly_sorted,18681
54300,nearly_sorted,18745
54400,nearly_sorted,18242
54500,nearly_sorted,18998
54600,nearly_sorted,19233
54700,nearly_sorted,17376
54800,nearly_sorted,21126
54900,nearly_sorted,16643
55000,nearly_sorted,13446
55100,nearly_sorted,29306
55200,nearly_sorted,15633
55300,nearly_sorted,26569
55400,nearly_sorted,12078
55500,nearly_sorted,12322
55600,nearly_sorted,12321
55700,nearly_sorted,13146
55800,nearly_sorted,12065
55900,nearly_sorted,13521
56000,nearly_sorted,23068
56100,nearly_sorted,15110
56200,nearly_sorted,13619
56300,nearly_sorted,14539
56400,nearly_sorted,13828
56500,nearly_sorted,13710
56600,nearly_sorted,14992
56700,nearly_sorted,13837
56800,nearly_sorted,13884
56900,nearly_sorted,14787
57000,nearly_sorted,15126
57100,nearly_sorted,14270
57200,nearly_sorted,15434
57300,nearly_sorted,14370
57400,nearly_sorted,16735
57500,nearly_sorted,25468
57600,nearly_sorted,17055
57700,nearly_sorted,14363
57800,nearly_sorted,14875
57900,nearly_sorted,15191
58000,nearly_sorted,15315
58100,nearly_sorted,13018
58200,nearly_sorted,15700
58300,nearly_sorted,19465
58400,nearly_sorted,19372
58500,nearly_sorted,21226
58600,nearly_sorted,19580
58700,nearly_sorted,17459
58800,nearly_sorted,19818
58900,nearly_sorted,22023
59000,nearly_sorted,16063
59100,nearly_sorted,18699
59200,nearly_sorted,18663
59300,nearly_sorted,19326
59400,nearly_sorted,18621
59500,nearly_sorted,18128
59600,nearly_sorted,40027
59700,nearly_sorted,33276
59800,nearly_sorted,34781
59900,nearly_sorted,31124
60000,nearly_sorted,32475
60100,nearly_sorted,38636
60200,nearly_sorted,32444
60300,nearly_sorted,42940
60400,nearly_sorted,36801
60500,nearly_sorted,32367
60600,nearly_sorted,39985
60700,nearly_sorted,34600
60800,nearly_sorted,32810
60900,nearly_sorted,36355
61000,nearly_sorted,32520
61100,nearly_sorted,33537
61200,nearly_sorted,33267
61300,nearly_sorted,44136
61400,nearly_sorted,32439
61500,nearly_sorted,34537
61600,nearly_sorted,34082
61700,nearly_sorted,33178
61800,nearly_sorted,33126
61900,nearly_sorted,41594
62000,nearly_sorted,34124
62100,nearly_sorted,32741
62200,nearly_sorted,33457
62300,nearly_sorted,44197
62400,nearly_sorted,37528
62500,nearly_sorted,35318
62600,nearly_sorted,33061
62700,nearly_sorted,33582
62800,nearly_sorted,34114
62900,nearly_sorted,34043
63000,nearly_sorted,33451
63100,nearly_sorted,38327
63200,nearly_sorted,33466
63300,nearly_sorted,59220
63400,nearly_sorted,33236
63500,nearly_sorted,33122
63600,nearly_sorted,37343
63700,nearly_sorted,41499
63800,nearly_sorted,37453
63900,nearly_sorted,43353
64000,nearly_sorted,39113
64100,nearly_sorted,40412
64200,nearly_sorted,36529
64300,nearly_sorted,36527
64400,nearly_sorted,37340
64500,nearly_sorted,37843
64600,nearly_sorted,35354
64700,nearly_sorted,34822
64800,nearly_sorted,41704
64900,nearly_sorted,50467
65000,nearly_sorted,37233
65100,nearly_sorted,39946
65200,nearly_sorted,40686
65300,nearly_sorted,51007
65400,nearly_sorted,40653
65500,nearly_sorted,44395
65600,nearly_sorted,38236
65700,nearly_sorted,36449
65800,nearly_sorted,42280
65900,nearly_sorted,37646
66000,nearly_sorted,55811
66100,nearly_sorted,70866
66200,nearly_sorted,72465
66300,nearly_sorted,54554
66400,nearly_sorted,38689
66500,nearly_sorted,46375
66600,nearly_sorted,47433
66700,nearly_sorted,70651
66800,nearly_sorted,54577
66900,nearly_sorted,38606
67000,nearly_sorted,38147
67100,nearly_sorted,49214
67200,nearly_sorted,39220
67300,nearly_sorted,47673
67400,nearly_sorted,34896
67500,nearly_sorted,42077
67600,nearly_sorted,38377
67700,nearly_sorted,38831
67800,nearly_sorted,24818
67900,nearly_sorted,22736
68000,nearly_sorted,20652
68100,nearly_sorted,27634
68200,nearly_sorted,20165
68300,nearly_sorted,21069
68400,nearly_sorted,28357
68500,nearly_sorted,22411
68600,nearly_sorted,20241
68700,nearly_sorted,21524
68800,nearly_sorted,28560
68900,nearly_sorted,23264
69000,nearly_sorted,29345
69100,nearly_sorted,21510
69200,nearly_sorted,20969
69300,nearly_sorted,20758
69400,nearly_sorted,26126
69500,nearly_sorted,23760
69600,nearly_sorted,21486
69700,nearly_sorted,25380
69800,nearly_sorted,21650
69900,nearly_sorted,21030
70000,nearly_sorted,20884
70100,nearly_sorted,28313
70200,nearly_sorted,21739
70300,nearly_sorted,20031
70400,nearly_sorted,27757
70500,nearly_sorted,24871
70600,nearly_sorted,22118
70700,nearly_sorted,21228
70800,nearly_sorted,43885
70900,nearly_sorted,35550
71000,nearly_sorted,22138
71100,nearly_sorted,19282
71200,nearly_sorted,21093
71300,nearly_sorted,21084
71400,nearly_sorted,33895
71500,nearly_sorted,33039
71600,nearly_sorted,30221
71700,nearly_sorted,33548
71800,nearly_sorted,37509
71900,nearly_sorted,33515
72000,nearly_sorted,35097
72100,nearly_sorted,20050
72200,nearly_sorted,18176
72300,nearly_sorted,19551
72400,nearly_sorted,30991
72500,nearly_sorted,25031
72600,nearly_sorted,22529
72700,nearly_sorted,20435
72800,nearly_sorted,22526
72900,nearly_sorted,26757
73000,nearly_sorted,24798
73100,nearly_sorted,20575
73200,nearly_sorted,27282
73300,nearly_sorted,23382
73400,nearly_sorted,22235
73500,nearly_sorted,29332
73600,nearly_sorted,29914
73700,nearly_sorted,26493
73800,nearly_sorted,24330
73900,nearly_sorted,52582
74000,nearly_sorted,42923
74100,nearly_sorted,36498
74200,nearly_sorted,26838
74300,nearly_sorted,19281
74400,nearly_sorted,26661
74500,nearly_sorted,29909
74600,nearly_sorted,21070
74700,nearly_sorted,20907
74800,nearly_sorted,20381
74900,nearly_sorted,23731
75000,nearly_sorted,24281
75100,nearly_sorted,22445
75200,nearly_sorted,28035
75300,nearly_sorted,21774
75400,nearly_sorted,28191
75500,nearly_sorted,23820
75600,nearly_sorted,32652
75700,nearly_sorted,24372
75800,nearly_sorted,24825
75900,nearly_sorted,29183
76000,nearly_sorted,27329
76100,nearly_sorted,30634
76200,nearly_sorted,25251
76300,nearly_sorted,25056
76400,nearly_sorted,20568
76500,nearly_sorted,21424
76600,nearly_sorted,20163
76700,nearly_sorted,24073
76800,nearly_sorted,21710
76900,nearly_sorted,24100
77000,nearly_sorted,21122
77100,nearly_sorted,21226
77200,nearly_sorted,23623
77300,nearly_sorted,23895
77400,nearly_sorted,22911
77500,nearly_sorted,18454
77600,nearly_sorted,18031
77700,nearly_sorted,27285
77800,nearly_sorted,31832
77900,nearly_sorted,20582
78000,nearly_sorted,30538
78100,nearly_sorted,27131
78200,nearly_sorted,19013
78300,nearly_sorted,23949
78400,nearly_sorted,18738
78500,nearly_sorted,23668
78600,nearly_sorted,21424
78700,nearly_sorted,22572
78800,nearly_sorted,24284
78900,nearly_sorted,21432
79000,nearly_sorted,32366
79100,nearly_sorted,26958
79200,nearly_sorted,27900
79300,nearly_sorted,19953
79400,nearly_sorted,25439
79500,nearly_sorted,25285
79600,nearly_sorted,26923
79700,nearly_sorted,20293
79800,nearly_sorted,17696
79900,nearly_sorted,24872
80000,nearly_sorted,32918
80100,nearly_sorted,32852
80200,nearly_sorted,32709
80300,nearly_sorted,21736
80400,nearly_sorted,23380
80500,nearly_sorted,28869
80600,nearly_sorted,22263
80700,nearly_sorted,22924
80800,nearly_sorted,19828
80900,nearly_sorted,20088
81000,nearly_sorted,25811
81100,nearly_sorted,24157
81200,nearly_sorted,21659
81300,nearly_sorted,19309
81400,nearly_sorted,23521
81500,nearly_sorted,59139
81600,nearly_sorted,33605
81700,nearly_sorted,29271
81800,nearly_sorted,21486
81900,nearly_sorted,26261
82000,nearly_sorted,34088
82100,nearly_sorted,26248
82200,nearly_sorted,24000
82300,nearly_sorted,20030
82400,nearly_sorted,41669
82500,nearly_sorted,25311
82600,nearly_sorted,25146
82700,nearly_sorted,26562
82800,nearly_sorted,26318
82900,nearly_sorted,24951
83000,nearly_sorted,32981
83100,nearly_sorted,26524
83200,nearly_sorted,22548
83300,nearly_sorted,26606
83400,nearly_sorted,28276
83500,nearly_sorted,28483
83600,nearly_sorted,27372
83700,nearly_sorted,30894
83800,nearly_sorted,31366
83900,nearly_sorted,27031
84000,nearly_sorted,30231
84100,nearly_sorted,36850
84200,nearly_sorted,24623
84300,nearly_sorted,22602
84400,nearly_sorted,33854
84500,nearly_sorted,31953
84600,nearly_sorted,29435
84700,nearly_sorted,27196
84800,nearly_sorted,31837
84900,nearly_sorted,24556
85000,nearly_sorted,25290
85100,nearly_sorted,29331
85200,nearly_sorted,26302
85300,nearly_sorted,24709
85400,nearly_sorted,24041
85500,nearly_sorted,28219
85600,nearly_sorted,36114
85700,nearly_sorted,25681
85800,nearly_sorted,25318
85900,nearly_sorted,28137
86000,nearly_sorted,31988
86100,nearly_sorted,28526
86200,nearly_sorted,30858
86300,nearly_sorted,29337
86400,nearly_sorted,28460
86500,nearly_sorted,28257
86600,nearly_sorted,34706
86700,nearly_sorted,29818
86800,nearly_sorted,46149
86900,nearly_sorted,29524
87000,nearly_sorted,29859
87100,nearly_sorted,29390
87200,nearly_sorted,28062
87300,nearly_sorted,26194
87400,nearly_sorted,29178
87500,nearly_sorted,42449
87600,nearly_sorted,27433
87700,nearly_sorted,26292
87800,nearly_sorted,26826
87900,nearly_sorted,28157
88000,nearly_sorted,26316
88100,nearly_sorted,28528
88200,nearly_sorted,39825
88300,nearly_sorted,32345
88400,nearly_sorted,32415
88500,nearly_sorted,25405
88600,nearly_sorted,31655
88700,nearly_sorted,25476
88800,nearly_sorted,23726
88900,nearly_sorted,30553
89000,nearly_sorted,32274
89100,nearly_sorted,34808
89200,nearly_sorted,37013
89300,nearly_sorted,22936
89400,nearly_sorted,26131
89500,nearly_sorted,24680
89600,nearly_sorted,23569
89700,nearly_sorted,29037
89800,nearly_sorted,26107
89900,nearly_sorted,37544
90000,nearly_sorted,24857
90100,nearly_sorted,23684
90200,nearly_sorted,42246
90300,nearly_sorted,26697
90400,nearly_sorted,26402
90500,nearly_sorted,25438
90600,nearly_sorted,25468
90700,nearly_sorted,37610
90800,nearly_sorted,29614
90900,nearly_sorted,37702
91000,nearly_sorted,29809
91100,nearly_sorted,32862
91200,nearly_sorted,62033
91300,nearly_sorted,58256
91400,nearly_sorted,47755
91500,nearly_sorted,39171
91600,nearly_sorted,29878
91700,nearly_sorted,32064
91800,nearly_sorted,25974
91900,nearly_sorted,77092
92000,nearly_sorted,70387
92100,nearly_sorted,66232
92200,nearly_sorted,71623
92300,nearly_sorted,80832
92400,nearly_sorted,62668
92500,nearly_sorted,62275
92600,nearly_sorted,62385
92700,nearly_sorted,60716
92800,nearly_sorted,62105
92900,nearly_sorted,64009
93000,nearly_sorted,64175
93100,nearly_sorted,65439
93200,nearly_sorted,71365
93300,nearly_sorted,63300
93400,nearly_sorted,67736
93500,nearly_sorted,66921
93600,nearly_sorted,95287
93700,nearly_sorted,34706
93800,nearly_sorted,39521
93900,nearly_sorted,29694
94000,nearly_sorted,25820
94100,nearly_sorted,38006
94200,nearly_sorted,26955
94300,nearly_sorted,58193
94400,nearly_sorted,48522
94500,nearly_sorted,50355
94600,nearly_sorted,30548
94700,nearly_sorted,26539
94800,nearly_sorted,27733
94900,nearly_sorted,27485
95000,nearly_sorted,28822
95100,nearly_sorted,42507
95200,nearly_sorted,28310
95300,nearly_sorted,52385
95400,nearly_sorted,35400
95500,nearly_sorted,27053
95600,nearly_sorted,27716
95700,nearly_sorted,31946
95800,nearly_sorted,31321
95900,nearly_sorted,37269
96000,nearly_sorted,27524
96100,nearly_sorted,31005
96200,nearly_sorted,55796
96300,nearly_sorted,58541
96400,nearly_sorted,53352
96500,nearly_sorted,40105
96600,nearly_sorted,52154
96700,nearly_sorted,50563
96800,nearly_sorted,52071
96900,nearly_sorted,48498
97000,nearly_sorted,49122
97100,nearly_sorted,52232
97200,nearly_sorted,42357
97300,nearly_sorted,33311
97400,nearly_sorted,44291
97500,nearly_sorted,36488
97600,nearly_sorted,37832
97700,nearly_sorted,34021
97800,nearly_sorted,36528
97900,nearly_sorted,39744
98000,nearly_sorted,47767
98100,nearly_sorted,41513
98200,nearly_sorted,36669
98300,nearly_sorted,41106
98400,nearly_sorted,44536
98500,nearly_sorted,65302
98600,nearly_sorted,67820
98700,nearly_sorted,43836
98800,nearly_sorted,47790
98900,nearly_sorted,39568
99000,nearly_sorted,39234
99100,nearly_sorted,37552
99200,nearly_sorted,36155
99300,nearly_sorted,34164
99400,nearly_sorted,33063
99500,nearly_sorted,36684
99600,nearly_sorted,57486
99700,nearly_sorted,46737
99800,nearly_sorted,52214
99900,nearly_sorted,45691
100000,nearly_sorted,46927
